trait,low_marker,mid_marker,high_marker,low_chr,mid_chr,high_chr,low_pos,mid_pos,high_pos,low_lod,mid_lod,high_lod,additive_effect,arrow_head,treat
shoot_w_Control,drTriRepe4Chr4:25539151,drTriRepe4Chr4:42683586,drTriRepe4Chr4:46634604,drTriRepe4Chr4,drTriRepe4Chr4,drTriRepe4Chr4,1358.59930021317,1471.96314865976,1576.44669225017,3.429529842539864,5.008358809299693,3.799780743412157,-0.15031133794479865,first,Control
root_w_Control,drTriRepe4Chr4:26123253,drTriRepe4Chr4:42683586,drTriRepe4Chr4:45658944,drTriRepe4Chr4,drTriRepe4Chr4,drTriRepe4Chr4,1449.1690065492899,1471.96314865976,1509.92664860013,3.586035638214682,5.027033238636886,2.5912452499688463,-0.024523580120032067,first,Control
