trait,low_marker,mid_marker,high_marker,low_chr,mid_chr,high_chr,low_pos,mid_pos,high_pos,low_lod,mid_lod,high_lod,additive_effect,arrow_head,treat
shoot_w_Control,drTriRepe4Chr4:25539151,drTriRepe4Chr4:42683586,drTriRepe4Chr4:46634604,drTriRepe4Chr4,drTriRepe4Chr4,drTriRepe4Chr4,1358.59930021317,1471.96314865976,1576.44669225017,3.429529818986339,5.008358763741967,3.7997807104573553,-0.1503114925271408,first,Control
root_w_Control,drTriRepe4Chr4:26123253,drTriRepe4Chr4:42683586,drTriRepe4Chr4:45658944,drTriRepe4Chr4,drTriRepe4Chr4,drTriRepe4Chr4,1449.1690065492899,1471.96314865976,1509.92664860013,3.5860356377544456,5.0270331951052185,2.591245345220809,-0.02452330541700881,first,Control
