trait,low_marker,mid_marker,high_marker,low_chr,mid_chr,high_chr,low_pos,mid_pos,high_pos,low_lod,mid_lod,high_lod,additive_effect,arrow_head,treat
Drought_w_2,drTriRepe4Chr7:26696300,drTriRepe4Chr7:26831770,drTriRepe4Chr7:26988617,drTriRepe4Chr7,drTriRepe4Chr7,drTriRepe4Chr7,666.535574826237,691.669564367796,715.462005231335,0.5379491859066547,4.439434137768558,0.41474116893368773,-114.22885663778108,first,Drought
Control_w_2,drTriRepe4Chr4:29249249,drTriRepe4Chr4:42683586,drTriRepe4Chr4:42725422,drTriRepe4Chr4,drTriRepe4Chr4,drTriRepe4Chr4,1463.20606111832,1471.96314865976,1472.5650411871702,2.731783664609111,4.839416781942418,3.497956104279865,-140.99143061379675,first,Control
Control_w_3,drTriRepe4Chr4:42683578,drTriRepe4Chr4:42683586,drTriRepe4Chr4:42725422,drTriRepe4Chr4,drTriRepe4Chr4,drTriRepe4Chr4,1471.46185675005,1471.96314865976,1472.5650411871702,4.237701897099441,5.529230326287461,4.337209780429703,-551.2549504979644,first,Control
Control_w_4,drTriRepe4Chr4:42683578,drTriRepe4Chr4:42683586,drTriRepe4Chr4:42725422,drTriRepe4Chr4,drTriRepe4Chr4,drTriRepe4Chr4,1471.46185675005,1471.96314865976,1472.5650411871702,4.589538617643939,5.996695593958293,4.932069835728726,-1557.0790111787846,first,Control
Control_w_5,drTriRepe4Chr4:42683578,drTriRepe4Chr4:42683586,drTriRepe4Chr4:45658944,drTriRepe4Chr4,drTriRepe4Chr4,drTriRepe4Chr4,1471.46185675005,1471.96314865976,1509.92664860013,5.3300024533991746,6.685826699941799,2.7738856823134483,-2779.2335548695155,first,Control
