trait,low_marker,mid_marker,high_marker,low_chr,mid_chr,high_chr,low_pos,mid_pos,high_pos,low_lod,mid_lod,high_lod,additive_effect,arrow_head,treat
Control_w_2,drTriRepe4Chr4:29249249,drTriRepe4Chr4:42683586,drTriRepe4Chr4:42725422,drTriRepe4Chr4,drTriRepe4Chr4,drTriRepe4Chr4,1463.20606111832,1471.96314865976,1472.5650411871702,2.702355648966204,4.7926018602843214,3.4606007058182513,-140.30527244240955,first,Control
Drought_w_2,drTriRepe4Chr7:26696300,drTriRepe4Chr7:26831770,drTriRepe4Chr7:26988617,drTriRepe4Chr7,drTriRepe4Chr7,drTriRepe4Chr7,666.535574826237,691.669564367796,715.462005231335,0.531927132253486,4.383071065980403,0.40808837208487603,-113.65456270357315,first,Drought
Control_w_3,drTriRepe4Chr4:42683578,drTriRepe4Chr4:42683586,drTriRepe4Chr4:42725422,drTriRepe4Chr4,drTriRepe4Chr4,drTriRepe4Chr4,1471.46185675005,1471.96314865976,1472.5650411871702,4.206714851421793,5.487240966750505,4.302512604058165,-549.3615226401209,first,Control
Control_w_4,drTriRepe4Chr4:42683578,drTriRepe4Chr4:42683586,drTriRepe4Chr4:42725422,drTriRepe4Chr4,drTriRepe4Chr4,drTriRepe4Chr4,1471.46185675005,1471.96314865976,1472.5650411871702,4.589539726527164,5.9966971036169525,4.9320711096227114,-1557.0832018664644,first,Control
Control_w_5,drTriRepe4Chr4:42683578,drTriRepe4Chr4:42683586,drTriRepe4Chr4:45658944,drTriRepe4Chr4,drTriRepe4Chr4,drTriRepe4Chr4,1471.46185675005,1471.96314865976,1509.92664860013,5.321913854112381,6.675008478848895,2.774818089653081,-2777.3443638374806,first,Control
