,,,Treatment,,,,Treatment:Genotype,,,,,
trait,H^2 control,H^2 drought,NumDF,DenDF,F value,Pr(>F),NumDF,DenDF,F value,Pr(>F),rGE,p_value
flower,0.2440107,0.2828792,1,1196.000019,0.18572796,0.666573901,598,835.1867902,0.351837962,1,0.758577251,0
w_2,0.2145545,0.08550052,1,1196.000009,9.333213866,0.002300183,598,1178.809252,0.469908177,1,0.399627851,6.25E-13
w_3,0.2681401,0.1637919,1,1195.999983,24.43614705,8.77E-07,598,2,0.657760006,0.780512341,0.621745183,0
w_4,0.3746624,0.08193427,1,1195.999989,28.51922832,1.11E-07,598,927.2126703,1.282319613,3.59E-04,0.504692194,0
w_5,0.4015869,0.07090006,1,1196.000013,21.54243162,3.84E-06,598,2,1.47903221,0.491024047,0.442829154,8.88E-16
shoot_w,0.2625919,0.1120128,1,1195.994279,12.24280849,4.84E-04,598,2,0.902920539,0.668945101,0.422434105,2.04E-14
root_w,0.1962078,0.08230245,1,1194.999926,12.21773802,4.91E-04,598,2,0.805971912,0.710085964,0.338851894,1.70E-09